Country,o,c,e,a,n,Count,o_std,c_std,e_std,a_std,n_std
Afghanistan,0.7277199074074074,0.609375,0.5008680555555556,0.6315104166666666,0.5227141203703703,148,0.14945455693711301,0.18725702983184697,0.18514407950773815,0.15280474692651094,0.18198662363559098
Albania,0.7702293094359515,0.5789294500087858,0.5028224389386751,0.6130293445791601,0.5632577754348972,1938,0.14796466996151125,0.1848825909053164,0.20865952311784422,0.16797576111795964,0.19943556848204533
Algeria,0.7857269503546099,0.4860871010638298,0.41933732269503543,0.6002770390070922,0.5992298315602836,3816,0.13960353874648837,0.19293488393717576,0.20921716941223623,0.17211264798750836,0.18533615306207166
Andorra,0.7684748427672956,0.5672169811320755,0.5404874213836478,0.6132075471698113,0.5275157232704403,54,0.16448189310182915,0.20735513577990036,0.2169844460756017,0.1615557209373468,0.2318380713080868
Angola,0.7334983498349834,0.5625,0.4482260726072608,0.621493399339934,0.5177392739273927,109,0.1344457769574566,0.17312988861930612,0.18698108428418103,0.18056790492590022,0.2178729668303701
Antigua and Barbuda,0.7467391304347826,0.5521739130434783,0.4721014492753623,0.6728260869565217,0.5170289855072464,115,0.14152984299195312,0.16928170316074362,0.21302979330163768,0.1528684750317422,0.2194508511103462
Argentina,0.7639449446341716,0.5145809617441098,0.4571734106040222,0.5969160716133706,0.5814597778467694,9907,0.1497702047349527,0.197186766900313,0.22155121544891304,0.17038252379191385,0.20299436613085534
Armenia,0.7768727836879433,0.5536070478723404,0.5184230939716312,0.578873005319149,0.5526374113475178,758,0.15109592496888788,0.1977212566312416,0.21098640095475407,0.1760896780896153,0.2008755422150575
Aruba,0.7441666666666666,0.5563095238095238,0.4741666666666667,0.6973809523809524,0.5427380952380952,182,0.15942480221303118,0.1702100917215134,0.22036565818609435,0.16849478037735607,0.21272043365755217
Australia,0.7284330335105427,0.5547040103004369,0.5240424096835027,0.6501142818470721,0.5492243677674576,148710,0.16840906917441498,0.19301475565327086,0.22139535750191094,0.16458584870039236,0.21151764983424087
Austria,0.7694067157140163,0.5411213686096963,0.5112803008866251,0.6084877853235239,0.5472404970760234,7213,0.152506048063745,0.20464552357677154,0.23468736441321258,0.17200720492686913,0.21990820049631515
Azerbaijan,0.7600169300225733,0.5305916102332581,0.49910647103085026,0.576772949586155,0.5596077878103838,894,0.13652743020469693,0.2007184296185591,0.21664942959280326,0.16129700925506874,0.19608025811295185
Bahamas,0.7652502067824648,0.5636373035566584,0.48082092638544255,0.6912220843672456,0.521712158808933,412,0.14580763022706886,0.19375506813951512,0.21813454608095317,0.15508004661179026,0.20396615360635142
Bahrain,0.7325397980974567,0.5592482042321879,0.5069039992234518,0.6651257037468452,0.5568700252378179,1746,0.15524312086205821,0.1946872154835663,0.20939320893970745,0.15831212277070347,0.19564651683675707
Bangladesh,0.7611684972105998,0.5413434158530916,0.45600156903765693,0.6498721524872152,0.5850149639702464,5930,0.14877150031493871,0.20605988897800398,0.21591201884400124,0.16068635970131423,0.18646519061128577
Barbados,0.7621845082680593,0.5490644038294169,0.46050913838120106,0.675805047867711,0.54161227154047,402,0.15042400626777208,0.17984073669944675,0.21924371498991108,0.15753474181419877,0.22834961983859023
Belarus,0.7497538489079842,0.4923245614035088,0.47999462943071963,0.5504162191192267,0.5637978875760831,949,0.151072168209672,0.19646839896722182,0.21196380796047337,0.1741525451515837,0.19516442168119824
Belgium,0.7457954330111806,0.5186895963615691,0.4974377803044659,0.6277517213062977,0.5433524414124187,10855,0.15415090525351494,0.20010215441434018,0.2263959032244304,0.1645552362114043,0.21556578171144986
Belize,0.7350363756613756,0.5714285714285714,0.46792328042328046,0.6724537037037037,0.5445601851851851,263,0.14925549819069986,0.17659913631855656,0.2155321776177857,0.1757099778007942,0.2116115701783415
Bermuda,0.7619598765432098,0.5910493827160493,0.5246913580246914,0.658179012345679,0.5343364197530864,165,0.15270178563668016,0.18540916263121493,0.22308321817180765,0.14361773695124289,0.1931930208266928
Bhutan,0.7087684943429068,0.5357919930374239,0.47922106179286333,0.6538294168842471,0.5876849434290687,386,0.1359874068726517,0.17836846863925906,0.19140125682525078,0.1328888771270421,0.17269084497256032
Bolivia,0.7399037129398726,0.5343585480742589,0.4773482959268495,0.6034220005541701,0.5638681075090053,1244,0.14657237060070638,0.18403815509964414,0.2024596955469213,0.15916349489380327,0.19230476053430476
Bosnia and Herzegovina,0.775534899494389,0.5302056357134048,0.4795135035146134,0.5965208410408188,0.5651051301023554,2808,0.1500442519601321,0.20651382757037678,0.229217917451889,0.18528689540879772,0.2096100063280575
Botswana,0.7331018518518518,0.5244984567901235,0.4551311728395062,0.6717206790123457,0.5588348765432098,550,0.16539776059275355,0.19739425291007476,0.2208883918142461,0.16097766910627168,0.19384593467522218
Brazil,0.7694367796381172,0.49024166224965965,0.4343834118001642,0.5762654725158233,0.6015177615647638,32892,0.15003298943297924,0.20100690956502976,0.23172134646100404,0.1854779076188813,0.21037636223647882
Brunei,0.7278002555366269,0.5416489210675752,0.46619463373083475,0.6629578364565588,0.5903428449744463,1187,0.14469339636397124,0.1940955763914218,0.2095268431715779,0.14355071393241803,0.19255013759716744
Bulgaria,0.7805052030882846,0.5336662190891799,0.5046995636119503,0.5871132650777666,0.5728921897728544,6074,0.14578858248756718,0.20485658592080738,0.2221108165864883,0.17029043118182763,0.20698698541768634
Cambodia,0.7136435487057894,0.5430250938549694,0.45979055522623985,0.6446477968780873,0.5815920766646908,1719,0.14151372233523257,0.1743682783363957,0.19006753497281043,0.1461635329369267,0.17778533775261593
Cameroon,0.7652567340067341,0.5447180134680135,0.452756734006734,0.6650883838383839,0.5655513468013468,199,0.13551069827916162,0.19753504554846754,0.21735344595956477,0.1627193817484111,0.19203800862825615
Canada,0.7340804603987109,0.561946923626606,0.5186017959487247,0.6542228128509137,0.5579209870061688,233612,0.16215175853269267,0.19077464518391118,0.22087424110010143,0.16323989051124504,0.20714542126783891
Cayman Islands,0.7395251396648045,0.6108007448789572,0.4953445065176909,0.68237895716946,0.5039571694599627,182,0.16675989757912865,0.1906009772961789,0.20186023736737785,0.16992071735127995,0.23146164174854506
Chile,0.7696737915618889,0.5281607991058955,0.4534262363788768,0.6104323833473037,0.574196702989662,6107,0.14771044527455066,0.19996649447117643,0.21982211903574345,0.17133168123010933,0.2015164215853757
China,0.7023201144726083,0.5445753270645952,0.5146412510220768,0.6307768635868084,0.510846790678659,10131,0.15267158736434086,0.16665885171481973,0.18716591809315988,0.134676340352764,0.18891539862596565
Colombia,0.7598043893129771,0.5482983460559796,0.4895356234096692,0.6301553223070399,0.5506308312128922,8066,0.14797005210214678,0.18642397440466885,0.20985639544442183,0.16286529972285224,0.1995376799467377
Costa Rica,0.7720701917130488,0.5474644403215831,0.49711077612863325,0.6305755256648113,0.5438021799628943,2208,0.15111113174616528,0.19481313889347482,0.22839660654380914,0.16915353906022482,0.20556863657241642
Croatia,0.7625377263581489,0.5387135311871227,0.5111208920187794,0.6143506874580817,0.5572141180415828,10195,0.1538340910203088,0.19706297611733292,0.228538937792392,0.17051752435005296,0.21259620986922584
Cuba,0.8002525252525252,0.5160353535353535,0.4702020202020202,0.6029040404040404,0.5752525252525252,168,0.1380966797427896,0.2240233083382636,0.2335956922149211,0.1710967532342897,0.2093798395517704
Curacao,0.7207364341085272,0.5459302325581395,0.4688953488372093,0.7009689922480621,0.5303294573643411,218,0.1464564136221667,0.17656428965333495,0.19676682472306894,0.15465590577081004,0.19449425685772512
Cyprus,0.7574838187702265,0.5657901833872708,0.5241909385113268,0.6160329018338727,0.5501348435814456,1590,0.151145045197069,0.19389858855764874,0.21068464109892018,0.1723015640027308,0.20690133884569292
Czechia,0.7653099005883546,0.4969162101846216,0.4563527084601339,0.5821997362548184,0.5899041387705417,8418,0.15465600278514316,0.20589330853476606,0.22857410218064803,0.17751921961310654,0.21341399927580068
Denmark,0.7357509078154658,0.5512696521416192,0.5381243810349097,0.6302650717999505,0.520322687133779,16615,0.16514577082310736,0.1934793023346046,0.22822290783009902,0.16904408719724456,0.21729823409024154
Dominica,0.7109848484848484,0.5378787878787878,0.43068181818181817,0.6590909090909091,0.578030303030303,55,0.16647628717042146,0.17324456254433632,0.20546069450968607,0.173210817985671,0.22503351165825955
Dominican Republic,0.7751801378446115,0.5495118003341688,0.47658208020050125,0.6526341896407686,0.5505299707602339,1639,0.1451192780146838,0.19686200432300446,0.22141985807781064,0.1683665630525409,0.2000754489082566
Ecuador,0.7529202898550725,0.5766811594202899,0.5200144927536232,0.6629057971014493,0.5305144927536232,2966,0.14815648731116468,0.1862850461019119,0.21441502906328475,0.16601539875543078,0.20149528208749418
Egypt,0.7372962510187449,0.5282413067101331,0.4889602010323282,0.6419366340668297,0.5926259847867427,12508,0.1503569511672487,0.19093431685951745,0.20560233893073468,0.16850272681154593,0.19191213775387322
El Salvador,0.7516595179738562,0.5569342320261438,0.4838133169934641,0.6534926470588235,0.555734272875817,847,0.1521716769769817,0.19552628950798903,0.21732807512351313,0.17006020169979008,0.19090291385913127
Estonia,0.7380866858237547,0.5337104885057471,0.49800646551724137,0.6017181513409962,0.5470246647509578,3566,0.15664564191708208,0.18814179980494808,0.2197007554799046,0.16983980631948573,0.21075080713534888
Eswatini,0.7496819338422391,0.5671119592875319,0.44974554707379133,0.7051526717557252,0.5154262086513994,134,0.16244625863530238,0.19042045520862025,0.19392259043351875,0.12618226377555905,0.19010982449008743
Ethiopia,0.755217901612574,0.5718003674219229,0.4786308430291896,0.6307154521330883,0.49549652990406207,1725,0.15294586714753453,0.2043985818975458,0.2032185397810287,0.1633457366824176,0.19839224471487157
Faroe Islands,0.7161223723723723,0.48986486486486486,0.48939564564564564,0.6539039039039038,0.5856794294294295,228,0.1795652664969037,0.19547146665247786,0.24473417412362014,0.16294080028945818,0.23386276009736295
Fiji,0.774364406779661,0.5521421845574388,0.44467984934086624,0.6451271186440678,0.5756826741996234,179,0.14336826281552928,0.17979382139092573,0.211854577951403,0.16574523796135218,0.2127672692990624
Finland,0.7594717140709184,0.5086572797895,0.47842401745812974,0.6066726183018002,0.5607993463642817,16373,0.15351949328204903,0.1983457306476183,0.2314765997812413,0.17316666917240076,0.2149655840319803
France,0.7624122020473736,0.5145866024060375,0.49973754016289323,0.6201776507509527,0.5678472689232609,22827,0.15354277348608417,0.195939490067266,0.2337973887335894,0.17133703845855575,0.20681271417865207
Georgia,0.7608276643990929,0.5287244897959184,0.504359410430839,0.5681235827664398,0.5871712018140589,3746,0.15057271160566946,0.19405659866921363,0.20451040326399414,0.16690261388905106,0.1873834936584085
Germany,0.7630550217262112,0.5299439672138739,0.493621543294203,0.6069345396590181,0.5537651369561694,44206,0.14908882620432667,0.1990474652690446,0.22905456248498485,0.16945385887671213,0.2158776802652833
Ghana,0.7393057503506312,0.6213183730715287,0.47098527349228614,0.6977705703599814,0.4897294296400187,1447,0.14416046242557046,0.19555821398929943,0.20431362129176792,0.1580699851650894,0.2060285004971622
Gibraltar,0.7302777777777778,0.5558333333333333,0.5108333333333334,0.6430555555555555,0.5438888888888889,82,0.17700526012554574,0.20819702748178773,0.2213384500249775,0.14930446434408137,0.2217147687653862
Greece,0.7671433040271329,0.5291086305113768,0.49791316803319174,0.583623514109783,0.5870562909545918,10321,0.1457220617647672,0.2005688772155229,0.22002453461048246,0.16978945577433194,0.20327304344463146
Greenland,0.7318672839506173,0.5570987654320988,0.4332561728395061,0.6570216049382716,0.5470679012345679,55,0.16469183273314983,0.18194447778470954,0.18556300447540777,0.1326728532986572,0.1984769537564785
Grenada,0.7574926900584795,0.548611111111111,0.48135964912280704,0.689875730994152,0.5427631578947368,118,0.1576206400516147,0.18114786366028632,0.22857708452249545,0.1533627982645905,0.2357485701875941
Guam,0.7241344605475041,0.5435118089103596,0.4894994632313473,0.6568370907139023,0.5939680622651637,633,0.14755551880411566,0.18385062807767097,0.20593246970442636,0.17414497031147372,0.18607053285989703
Guatemala,0.7535936573799644,0.5670445564117763,0.49661628136731867,0.6474634459592965,0.5430127445168939,1719,0.15070077393544706,0.18129855727904595,0.217519106853321,0.1631288396783863,0.1923497114089462
Guernsey,0.6712643678160919,0.5204022988505747,0.503735632183908,0.6337643678160919,0.5801724137931035,146,0.16625870508422566,0.19085332418562503,0.23335902436789935,0.13901185887635212,0.2143423200748618
Guyana,0.7462121212121212,0.5779428904428905,0.446435508935509,0.6907536907536908,0.5503593628593628,437,0.14958126893353033,0.19242799165482963,0.20469239004795053,0.1754423235540866,0.2278938215093767
Honduras,0.7246679023787457,0.5372451343836886,0.4825069508804449,0.6472235094223046,0.5628475440222428,1095,0.15759596765575404,0.17616341614114486,0.21648148829485964,0.16811129331209135,0.1980185589135098
Hong Kong,0.7084120271527892,0.5197954873086257,0.4823155599350377,0.6132004890421708,0.5625228098027408,18701,0.16062535568381672,0.18734321409002042,0.2069587487710353,0.15244920813141938,0.19636189818134772
Hungary,0.7677885903044371,0.5394570425259649,0.4834891973930899,0.5986928250453828,0.5779450495491474,11477,0.14897443046345368,0.19703339071279322,0.2329169106659417,0.17515093043641405,0.21189402529302448
Iceland,0.7480195858283433,0.5599582085828343,0.517371506986028,0.6493263473053892,0.5083115019960079,1352,0.16632585257034818,0.18966885531755315,0.23033700616924493,0.16529991555299986,0.21384284661357378
India,0.7616955306002796,0.5667342037613313,0.508934063951653,0.6593624002164795,0.5579380327425247,187244,0.1428816452964257,0.1958762266549638,0.20816541402598168,0.15259400198917747,0.1866935607041896
Indonesia,0.7406952021454419,0.5620293069561544,0.475329083319557,0.6202982357047079,0.582262219650631,74331,0.13829724575219537,0.18993778461285388,0.19888048138609607,0.14262826861520217,0.19082594385218185
Iran,0.7630411131470454,0.5386891128416552,0.4592924492288899,0.5750162238509696,0.5467390059551076,4479,0.14375642054106316,0.1968394920634619,0.21032735744742195,0.1628565166873889,0.1883458470248956
Iraq,0.7375315656565656,0.5076371352413018,0.43260732323232326,0.5897078423120089,0.5843153759820426,2411,0.14820006490250912,0.18642219788525685,0.19839678816174744,0.1731811046774522,0.18621475712457664
Ireland,0.7423034209041092,0.5371481693884611,0.5219609663735504,0.6382835399712345,0.5675020936879859,18864,0.168381190618775,0.19595343702479764,0.22637576481738322,0.16717090156757122,0.21625636067384676
Isle of Man,0.7433176100628931,0.519752358490566,0.511497641509434,0.6346305031446541,0.5683962264150944,215,0.16510542378362641,0.19248800833837446,0.2231059348305235,0.1801578202064111,0.20200203200354166
Israel,0.7583074928371959,0.5652721865593153,0.5333546404090959,0.6132289739963007,0.5171295288869546,9344,0.15465469084781264,0.20059653161253266,0.22058056738737938,0.16627358135089743,0.22051370739861073
Italy,0.7731107301276295,0.5227578101613738,0.4698351225950418,0.591518525321795,0.5924896930361662,25048,0.14626618998225688,0.2023746077401673,0.2321502040879913,0.17516975954846864,0.21143305579359212
Ivory Coast,0.7441123188405797,0.5301177536231885,0.4753170289855072,0.620697463768116,0.5869565217391305,93,0.1355205675983647,0.20936931362065694,0.20605274977474328,0.19110389896877314,0.20553544069256513
Jamaica,0.7147260273972603,0.5735667174023339,0.44913115169964485,0.6993277524099442,0.5384195839675292,3362,0.15124953578141603,0.18908213506636767,0.20233514215601664,0.15394547470407563,0.2062158297798267
Japan,0.748344355779041,0.5070529988339891,0.47601023903221107,0.6085597033960064,0.558193503133654,9321,0.1635881142728964,0.18995982441480075,0.216947079474018,0.1651741597965289,0.20811503585005733
Jersey,0.722127092846271,0.5124619482496195,0.5039954337899544,0.6249048706240486,0.5766742770167428,224,0.17262266969426746,0.19716145986713846,0.2213622118320294,0.1711400072936005,0.21163113114725113
Jordan,0.7426548829510523,0.6008906754946007,0.5441101127138015,0.6566711988649799,0.5107097816662726,4292,0.15028846014982286,0.20300169511305208,0.21329577099033017,0.16666467146142505,0.21421750214508198
Kazakhstan,0.7394056008902077,0.5260648491592482,0.49370208951533134,0.5825374010880316,0.54706818743818,2732,0.1527633842174528,0.18955871632573024,0.2041172911712886,0.15852539011727146,0.18795586725839003
Kenya,0.7630181430785123,0.6078765280647382,0.47615627152203854,0.6824315599173554,0.5087702307162534,7945,0.15265884047025752,0.20595218900487786,0.2262919881867198,0.1685511471189879,0.2141731814758916
Kosovo,0.7658730158730158,0.5639739229024943,0.5047619047619047,0.6270975056689343,0.5887471655328799,747,0.14460633859821395,0.18644102679305077,0.20255029875087585,0.16627691581271714,0.19117489071817756
Kuwait,0.7312538296568627,0.5485696231617647,0.484930300245098,0.6430855545343137,0.5671338848039216,2237,0.1562528160196246,0.19057456987477017,0.20706002360972187,0.16395370167019804,0.1931406474668403
Kyrgyzstan,0.7707930367504836,0.5719696969696969,0.5520631850419084,0.6080754352030948,0.5147082527401676,521,0.14633714097039136,0.20465540180981834,0.20433264935939296,0.16594036060533993,0.2046412825473644
Laos,0.7411380597014925,0.5825559701492538,0.45211442786069655,0.5836442786069651,0.5691853233830846,140,0.13412731723610766,0.1790950109598885,0.18129761370732184,0.14686986350149472,0.16893430609151927
Latvia,0.7465621824186992,0.5226911839430894,0.47360105436991873,0.585254700203252,0.584690993394309,2663,0.15270868207922753,0.18559742912457902,0.22105705342793178,0.16675484615823508,0.1989781674630821
Lebanon,0.7533675234799803,0.5740443236117977,0.5297207118141374,0.6458848245180425,0.5667119789092107,4102,0.1530749854563319,0.188650912542076,0.21174374285784497,0.16603712197669462,0.19366983968849225
Lesotho,0.7135854341736695,0.5437675070028011,0.43574929971988796,0.699404761904762,0.5435924369747899,119,0.16529757430855138,0.2164281022765568,0.2460190908584764,0.147975873121588,0.17326690070029466
Libya,0.782394366197183,0.4911384976525821,0.40064553990610324,0.5970070422535211,0.5980633802816901,368,0.14535197188508478,0.1862888924873196,0.1965570530049318,0.18279858975572574,0.19565824277215377
Lithuania,0.7473282954748703,0.5203004829189769,0.4816520598581053,0.5857591068979908,0.5844810111488702,5731,0.15121857138000847,0.1944253228254988,0.22288746396200268,0.16803469173950872,0.20311537822019243
Luxembourg,0.7575608152531229,0.5388519066403682,0.49969181459566075,0.6170282708744247,0.547809829059829,1032,0.15272386232352747,0.19170709034836156,0.21634874654977054,0.16960172513579408,0.21982616882482642
Macao,0.7108392295597484,0.5238797169811321,0.47533411949685533,0.6050511006289309,0.586625393081761,429,0.1560433870559788,0.16740054015208078,0.19793714625751485,0.14696955438918896,0.17679530513680547
Madagascar,0.753129890453834,0.5017605633802817,0.4174491392801252,0.607981220657277,0.5728677621283255,217,0.1448133162761625,0.19927475370094982,0.22543642311158554,0.16507357695644326,0.19761774444133684
Malawi,0.7558712121212121,0.5809659090909091,0.5035037878787879,0.6694128787878788,0.5305871212121213,224,0.1523438511719426,0.20744750358149325,0.21764200473031256,0.1680591166156152,0.20562729471943442
Malaysia,0.7049241686395556,0.5387273117763993,0.47089926278881594,0.6588581467829423,0.5847078001538354,67926,0.14487536588433983,0.17796237728215397,0.19390023818875446,0.14024136158706862,0.1786534270929186
Maldives,0.7221558317399618,0.5721598151688974,0.4786886551943913,0.6815447737412365,0.5929732313575525,1135,0.14704518265172073,0.1938486585589423,0.20680002872776598,0.16480913965028354,0.19394283064382542
Malta,0.7392693681625363,0.5647884572449207,0.5194797945970083,0.652363808885912,0.5564718687206965,1542,0.16430665356404994,0.19416013768564727,0.22113582672736334,0.16860960068578923,0.21313788048277987
Mauritius,0.7549194991055456,0.5557356887298748,0.4839557245080501,0.6572562611806798,0.5709414132379249,1145,0.15432126779820354,0.19046910859865646,0.22628897254906413,0.16073845383165644,0.20828991817712852
Mexico,0.7556974991508152,0.5498285708220109,0.4984988889832428,0.6283498570538949,0.5504734205163043,24254,0.15133434465165627,0.18657878592605662,0.21846636235182856,0.16543027235676563,0.1973126122043001
Moldova,0.7517429461942258,0.5255905511811023,0.47912565616797903,0.5853838582677166,0.5744955708661418,1042,0.14684275443982792,0.1846133657209164,0.20819781723752503,0.17180621973084254,0.19220422000092854
Mongolia,0.7323007698709946,0.5398720349563046,0.4854608822305452,0.585479088639201,0.563150228880566,1643,0.14342633101023092,0.16535708985908734,0.1870778937020564,0.15033413162321463,0.1742422903448559
Montenegro,0.7950757575757577,0.520806277056277,0.5110389610389611,0.6061147186147186,0.5826839826839827,787,0.14809988191082915,0.2085269455530045,0.22672380475187723,0.17238193822194797,0.20775718439975108
Morocco,0.7625647428782834,0.5086108028116907,0.46606085830558636,0.624366444691084,0.569066777654458,4577,0.15047368775726594,0.18917782649196416,0.2092672576960589,0.17423915362897532,0.19216072113192637
Mozambique,0.7598443223443223,0.554945054945055,0.48443223443223443,0.6200778388278388,0.5499084249084248,189,0.15152946519641644,0.19216786508189143,0.20314896991293444,0.17317822484420484,0.18938658817693269
Myanmar,0.7199059561128527,0.5272074190177639,0.4529649947753396,0.6064263322884013,0.5909743991640544,1608,0.14412975464213412,0.1758583679058731,0.19086583896337272,0.1453772628006571,0.17238184891736688
Namibia,0.7392194323144105,0.5866994177583696,0.46743085880640467,0.6491084425036391,0.513646288209607,472,0.1577987017935803,0.18781136434556026,0.20417221091015456,0.1719140036052754,0.2076838285587875
Nepal,0.749535365335599,0.537095546587369,0.46977219626168226,0.6442137496459927,0.5810499858397055,4744,0.13389024390946516,0.18296284854456096,0.19854066571856344,0.14469919345454255,0.17374449041788279
Netherlands,0.7504977086620089,0.5439098771692585,0.5292110378634213,0.6280971799639395,0.5112395293366389,36329,0.15281017003355127,0.19599125158092948,0.2218770490758363,0.16263586793208945,0.21330817244094144
New Zealand,0.7300900697650203,0.546584493191258,0.5099173637383869,0.6416957354251269,0.5550354031446323,29588,0.16490496226255258,0.1900701242391033,0.22091397476756702,0.16392587179728338,0.21258179215967718
Nicaragua,0.748203363914373,0.5454128440366972,0.49568042813455654,0.6465978593272171,0.5628440366972477,555,0.15404113423516913,0.18335730624837984,0.20528866389331069,0.17083498207449416,0.19354871775715748
Nigeria,0.7588880054520672,0.6065393255590893,0.4507925690342774,0.6828903528699076,0.5072347165429856,6718,0.1450176259667405,0.19550064362903113,0.19770170666191367,0.16630846218767326,0.20439140239227024
North Macedonia,0.7712243797195254,0.544093851132686,0.513942826321467,0.5947545846817692,0.5620954692556634,1582,0.1515488585321589,0.19331022759691646,0.22672365543987572,0.17938181318067778,0.19876520890139338
Northern Mariana Islands,0.7311827956989247,0.5329301075268817,0.46863799283154123,0.6314964157706093,0.5754928315412187,94,0.1480507058827784,0.1562446430435912,0.17775139478388996,0.1622192650792718,0.19064180299583808
Norway,0.7212389153460875,0.5555780783862934,0.5420592481594,0.6386710731587159,0.5265783657662096,24928,0.16930479426782052,0.1965930855845526,0.22889495115319766,0.16228620361874724,0.22149040462436667
Oman,0.7128932968536251,0.5587380300957593,0.4995012539899681,0.6588577291381669,0.5509718422252622,1482,0.15619742913656048,0.18444359126722537,0.19146748783927675,0.15454796202439705,0.18338801298484197
Pakistan,0.7401985893849246,0.5799726151542614,0.522960255854578,0.6838191352430487,0.5654084085267347,25766,0.1479537558266522,0.18696433998470083,0.2064458790268436,0.1458193629409493,0.1843674853777034
Palau,0.6637658227848101,0.5735759493670886,0.4633438818565401,0.7014767932489451,0.5092299578059072,79,0.15749094741539038,0.16532026415955967,0.16899466507740424,0.15773763047249628,0.18543337685922942
Palestine,0.7214285714285714,0.5598214285714286,0.5047619047619047,0.6382440476190476,0.5757068452380952,563,0.15031589131100884,0.16206265507908016,0.1919924582171571,0.15958339491533244,0.17370614528086278
Palestinian Territory,0.7017355134825014,0.5500932300631096,0.511438611589214,0.6381597819850832,0.5569061962134251,581,0.1589816959241438,0.15669225812035262,0.18118734049384838,0.14055294897628226,0.1741927570730574
Panama,0.7655519372077488,0.5236723446893787,0.47302939211756845,0.6425768203072811,0.5766741816967268,1013,0.14550139948433266,0.19283892246607837,0.22548445072121703,0.15795468351862316,0.20792445151391029
Papua New Guinea,0.7488584474885844,0.5702054794520548,0.4529109589041096,0.6485445205479452,0.5470890410958904,147,0.13810128070639136,0.2032573242529992,0.219745678640953,0.14340681795926402,0.18247668844385115
Paraguay,0.7601109364081062,0.5021619496855346,0.4372379454926625,0.5959993011879805,0.5885962613556953,984,0.15326004912771693,0.19359921518969603,0.22691672814722497,0.17000978169219552,0.19480391294044677
Peru,0.7584846817097781,0.5216990001834526,0.4736344248761695,0.6123188405797101,0.5594902311502477,3716,0.14460022565673644,0.18625586486251872,0.20710504350277517,0.1633468791492661,0.1903720489563815
Philippines,0.7489856058642242,0.5721737977284291,0.4775747189339171,0.6742941244947531,0.5962126285319278,142346,0.1389658762124833,0.18517239995129928,0.19267773524350404,0.1507936024241842,0.18486082670763032
Poland,0.7615713130831213,0.4829263080470738,0.4598400060962681,0.5684852761874469,0.6051970684902459,25782,0.15870178298367835,0.2144217195079498,0.23857409130814206,0.18736323048404366,0.21134582902058574
Portugal,0.7702605111917726,0.5231605414398064,0.4777487900786449,0.624285390199637,0.5788433908045977,11274,0.14662092328749815,0.1862594469458101,0.22520444968319428,0.16563055142667782,0.20411769490626241
Puerto Rico,0.7786159657746222,0.5432368468960495,0.5003413435281268,0.6664163480793737,0.5740146550154742,1890,0.15264976469410632,0.18722505590758182,0.22428116873653756,0.16221260933587997,0.2068587753207241
Qatar,0.7361633480825959,0.5500553097345132,0.5033370206489676,0.6555494100294985,0.5581213126843658,2289,0.14885663934330368,0.1927322086049936,0.20880407194672784,0.1616125153034145,0.19206192180296314
Reunion,0.7474358974358974,0.47628205128205126,0.3689102564102564,0.6041666666666667,0.6051282051282052,83,0.13846272090396103,0.17406577750524163,0.1804115498623022,0.16404183070857942,0.1773676780094312
Romania,0.7604817848674283,0.5362932923762306,0.4852933911762592,0.5917706312423655,0.5797641822950348,19203,0.14597424082671975,0.19219379777024773,0.22520268581433497,0.17449017306316708,0.2027477203641833
Russia,0.753660809371672,0.48290512957046505,0.4713476955389894,0.5425744734350965,0.5691005502307419,11462,0.15479943952906952,0.20212289641206466,0.2172521594649867,0.17147709479554224,0.20476317766661825
Rwanda,0.7449363425925926,0.6061921296296297,0.49710648148148145,0.6649305555555556,0.5107783564814814,289,0.13936406989796227,0.20457290648738669,0.18388174086342052,0.15821332330653934,0.18692207194905083
Saint Lucia,0.7354930191972077,0.587478184991274,0.47785776614310643,0.6905541012216405,0.5427574171029669,195,0.15587592234654518,0.1834631206179156,0.22226060447249904,0.16385996993686816,0.21312192079774805
Saudi Arabia,0.7359839773075744,0.5323137074517019,0.4751322447102116,0.6266482674026372,0.573905627108249,11053,0.1507443714237339,0.18792590763678016,0.2081177160746413,0.1589528659863425,0.19147414803893184
Senegal,0.7680386178861789,0.5278201219512195,0.5273119918699187,0.6582825203252032,0.4991107723577236,165,0.14597977584193156,0.19252770494845287,0.22618517529374282,0.16726820624799218,0.19584707411867278
Serbia,0.7854830836694193,0.5290874463862749,0.5237740861660585,0.5930638243390308,0.5543199058959094,10611,0.14787357820583538,0.20404074366764904,0.22920699554059643,0.17257363141725204,0.21142247373725886
Seychelles,0.7608447488584474,0.6070205479452054,0.523972602739726,0.678082191780822,0.5547945205479452,73,0.1704259762212389,0.18305281136285168,0.20281080974052387,0.13326464412178932,0.2033402482896509
Singapore,0.7161996755916341,0.550814010853478,0.4882074942817419,0.6415852842684368,0.5493452033905907,45496,0.15767799179384784,0.1947879545454472,0.21572857740312743,0.15682205687490067,0.2143540802902905
Slovakia,0.7626243781094527,0.5292910447761194,0.4846795434591747,0.6081467661691543,0.5619146912496341,5815,0.15093840767426575,0.20228822478506892,0.2298661340129088,0.1774201934722784,0.21184322094939778
Slovenia,0.7533107795512375,0.5275054938699977,0.4858749710848948,0.5971041522091141,0.5668806384455239,2943,0.15515907188266617,0.19803200882491273,0.2340851267032697,0.1757458313090903,0.21209527796842761
Somalia,0.7028832630098454,0.5341068917018283,0.4765295358649789,0.6648206751054853,0.47015646976090014,481,0.15193662007509812,0.1899422672678511,0.17677255577728973,0.1624349314560111,0.17375670925572248
South Africa,0.7613581272941339,0.5795609979915507,0.4923839081653854,0.6634570434240599,0.5370340310963363,19631,0.15691686362113758,0.19801973499056358,0.22467372524484536,0.17093491148920167,0.21453785841551265
South Korea,0.7160671772366118,0.5127660413619023,0.48273061698649,0.5719494879958695,0.551184278461406,11907,0.17236807386480604,0.19341751658751852,0.21472637827576463,0.1669546471181608,0.20279662340228508
Spain,0.761837058223582,0.5335766706576205,0.5108947496785065,0.6270148773890293,0.5480882222517849,23158,0.15276744913130955,0.19312717205764054,0.22588883535304108,0.16530090273371562,0.20763067299059135
Sri Lanka,0.7456722580167371,0.5796489668962452,0.5189124638969118,0.6438846922906021,0.5379730430274754,4587,0.14642893287294725,0.18279097695058616,0.19236856591070878,0.15527927531758004,0.18229888066152303
St Vincent and Grenadines,0.7408854166666666,0.5748697916666666,0.4091796875,0.6793619791666666,0.5543619791666666,65,0.14944391890802733,0.18573607194192104,0.20501212444183575,0.15035127462096123,0.17683970899119714
Sudan,0.7570695102685624,0.4953791469194313,0.42928515007898893,0.6324447077409162,0.6009478672985782,1067,0.14222592446841137,0.1889549488743275,0.2096593296125561,0.1647385613253825,0.18009964611723467
Suriname,0.7298265460030166,0.5548642533936652,0.4490950226244344,0.6253770739064857,0.5351621417797888,226,0.14618989338688987,0.20525813797818313,0.221410333722601,0.18854887397183132,0.22169934990231505
Sweden,0.7303947346713191,0.5485050772517673,0.5339141651612265,0.6246102353436116,0.5247397444463692,41416,0.16747735599090133,0.19805154316896323,0.23184219304361076,0.17113850519124837,0.21931625793788104
Switzerland,0.7583018867924528,0.5568575920934412,0.5207816711590296,0.6208782569631626,0.5213477088948787,9501,0.1513828235919204,0.19880604468128352,0.22481579928656537,0.16789792644407364,0.21471706139475102
Syria,0.7740695792880259,0.5262367082755433,0.4452727693018955,0.5942267683772539,0.5810795191863153,734,0.1494278446661351,0.19285764252489626,0.20470014568828457,0.18222696007574293,0.18688744094105658
Taiwan,0.7224429427199366,0.5386931283726918,0.5062069904450716,0.6278776177038468,0.5417471161938711,6845,0.1609001154622981,0.18498431963254042,0.20349088783274172,0.14889531705384157,0.20168861954946637
Tajikistan,0.7274509803921569,0.5713235294117647,0.5080882352941176,0.5943627450980392,0.5703431372549019,87,0.14427353783443964,0.21601360271098213,0.15712697404028086,0.17081845885005845,0.19169622331274166
Tanzania,0.743491990141713,0.5868376463339495,0.48278650646950094,0.6818391866913124,0.5571857670979667,546,0.1392016357984862,0.19841290364076067,0.19642605354433798,0.16645689272738648,0.18775873463797058
Thailand,0.7230731559038098,0.5449160699810862,0.4681955327388994,0.6240613460326038,0.5487959335314779,15045,0.1550866298199581,0.1857341788698747,0.20220881486459294,0.15473850823976407,0.1871603115195279
Trinidad and Tobago,0.7362326591468948,0.5530516660184105,0.4649293400751977,0.6743322961234279,0.5680506936341242,2649,0.16069800832686057,0.19476451526533317,0.21012213595375925,0.17320679638416786,0.21158554815160074
Tunisia,0.780205221226348,0.5151870820884905,0.47103962156779056,0.6179221795418979,0.5791542182387253,2392,0.1353183404492482,0.1868142359567492,0.2088182205385174,0.16975131853130737,0.18404724467182818
Turkey,0.7824559460523725,0.4988322012207127,0.49731369364048045,0.5494979326639102,0.5798926954124828,17331,0.15093666251307808,0.21447578723146152,0.22763436113620075,0.18200249983567526,0.20086109976445438
U.S. Virgin Islands,0.73046875,0.5480324074074074,0.5069444444444444,0.6744791666666666,0.5483217592592592,147,0.16274559227360716,0.18812666866917127,0.23084914279422125,0.15269359789713624,0.20679285910879694
Uganda,0.7390015015015015,0.6180367867867869,0.48085585585585583,0.6727477477477477,0.5108671171171171,1126,0.14735725602583788,0.19169855793302537,0.20708476049554986,0.1547021279892452,0.18856772465000127
Ukraine,0.7584703219658294,0.5052753386427065,0.4757887482131917,0.5487798652236063,0.5648228507249337,5083,0.1549634728803267,0.19851909140317642,0.21389491943000083,0.16915783661852815,0.20363566043282896
United Arab Emirates,0.724091792372044,0.5743830006806755,0.5230331774367082,0.6682228882594471,0.5488439496739346,15599,0.15009127527279492,0.18080996373966132,0.19845959780510072,0.1565072808382365,0.18972643439475373
United Kingdom,0.7437306651696659,0.5367926155969635,0.5138266569155603,0.6336324330727315,0.5734177413484681,198455,0.16403468177939454,0.1974279244751031,0.22765808219736222,0.17088751459080712,0.21479166106036673
United States,0.7325030659466567,0.5603574997339946,0.5174514570378649,0.6636854920307417,0.5580619775031002,1560527,0.16673302720554817,0.19066398959139413,0.22533253083488597,0.16450972359293106,0.21187842314233274
Uruguay,0.7654358705772812,0.5114496042830541,0.4637162476722532,0.5900401536312849,0.5768883845437616,1462,0.1559382634322129,0.19636486741576878,0.2251903669346859,0.17893614696483232,0.20170713502460905
Uzbekistan,0.7200865164871042,0.5886793992817498,0.5453803460659484,0.610369735553379,0.5175073457394711,1028,0.14523548087183547,0.17328904097562883,0.1815968402384414,0.14395009047689722,0.16680317310260714
Venezuela,0.78967970683419,0.5348491338282886,0.4418784504092899,0.6101275461640967,0.566533409480297,1807,0.14572536184146223,0.19664944598789116,0.22433690818941213,0.17420571786074773,0.20445034250359048
Vietnam,0.702482370400125,0.5068021802682378,0.4503418989385047,0.6247503403182254,0.5949692411833404,45418,0.1409860397438235,0.1631513051316806,0.18214123069275864,0.1292720630594104,0.17833038015768612
Yemen,0.7465277777777778,0.5498842592592593,0.46921296296296294,0.6465277777777778,0.5707175925925926,182,0.1351141693707303,0.18517068065351996,0.19846819355596806,0.15237712687860677,0.18121310309368815
Zambia,0.7660002401536983,0.5779899135446686,0.44020172910662825,0.6657660902977907,0.5329911143131604,705,0.1345499417634423,0.19668676202945748,0.2061093543451757,0.16830585060749773,0.19829509708460494
Zimbabwe,0.7549487818383167,0.5748546511627907,0.4564299557032115,0.6501245847176079,0.5063676633444075,623,0.1683588688873567,0.20002370528205524,0.21475807379116885,0.1697928064889333,0.21601171995219404
